c,z,attribute,y,uni,z2,value
Burundi,Burundi,Interchange,2030,Rwanda,Rwanda,143.9681765
Burundi,Burundi,Interchange,2032,Rwanda,Rwanda,282.7896053
Burundi,Burundi,Interchange,2034,Rwanda,Rwanda,202.3193734
Burundi,Burundi,Interchange,2036,Rwanda,Rwanda,57.49309346
Burundi,Burundi,Interchange,2038,Rwanda,Rwanda,120.8743439
Burundi,Burundi,Interchange,2040,Rwanda,Rwanda,66.35555303
Burundi,Burundi,InterconUtilization,2030,Rwanda,Rwanda,0.082173617
Burundi,Burundi,InterconUtilization,2032,Rwanda,Rwanda,0.161409592
Burundi,Burundi,InterconUtilization,2034,Rwanda,Rwanda,0.115479094
Burundi,Burundi,InterconUtilization,2036,Rwanda,Rwanda,0.032815693
Burundi,Burundi,InterconUtilization,2038,Rwanda,Rwanda,0.068992205
Burundi,Burundi,InterconUtilization,2040,Rwanda,Rwanda,0.037874174
Burundi,Burundi,NetImport,2030,Rwanda,Rwanda,-0.143968177
Burundi,Burundi,NetImport,2032,Rwanda,Rwanda,-0.282789605
Burundi,Burundi,NetImport,2034,Rwanda,Rwanda,-0.202319373
Burundi,Burundi,NetImport,2036,Rwanda,Rwanda,-0.057493093
Burundi,Burundi,NetImport,2038,Rwanda,Rwanda,-0.120874344
Burundi,Burundi,NetImport,2040,Rwanda,Rwanda,-0.066355553
Burundi,Burundi,TransmissionCapacity,2026,Rwanda,Rwanda,200
Burundi,Burundi,TransmissionCapacity,2028,Rwanda,Rwanda,200
Burundi,Burundi,TransmissionCapacity,2030,Rwanda,Rwanda,200
Burundi,Burundi,TransmissionCapacity,2032,Rwanda,Rwanda,200
Burundi,Burundi,TransmissionCapacity,2034,Rwanda,Rwanda,200
Burundi,Burundi,TransmissionCapacity,2036,Rwanda,Rwanda,200
Burundi,Burundi,TransmissionCapacity,2038,Rwanda,Rwanda,200
Burundi,Burundi,TransmissionCapacity,2040,Rwanda,Rwanda,200
Djibouti,Djibouti,Interchange,2026,Ethiopia,Ethiopia,0.018737439
Djibouti,Djibouti,Interchange,2028,Ethiopia,Ethiopia,11.51019635
Djibouti,Djibouti,Interchange,2030,Ethiopia,Ethiopia,2.995845589
Djibouti,Djibouti,Interchange,2032,Ethiopia,Ethiopia,57.71878813
Djibouti,Djibouti,Interchange,2034,Ethiopia,Ethiopia,34.11406076
Djibouti,Djibouti,Interchange,2038,Ethiopia,Ethiopia,4.666972149
Djibouti,Djibouti,Interchange,2040,Ethiopia,Ethiopia,64.63863186
Djibouti,Djibouti,InterconUtilization,2026,Ethiopia,Ethiopia,2.25E-05
Djibouti,Djibouti,InterconUtilization,2028,Ethiopia,Ethiopia,0.004777998
Djibouti,Djibouti,InterconUtilization,2030,Ethiopia,Ethiopia,0.001243605
Djibouti,Djibouti,InterconUtilization,2032,Ethiopia,Ethiopia,0.023959646
Djibouti,Djibouti,InterconUtilization,2034,Ethiopia,Ethiopia,0.014161088
Djibouti,Djibouti,InterconUtilization,2038,Ethiopia,Ethiopia,0.001937307
Djibouti,Djibouti,InterconUtilization,2040,Ethiopia,Ethiopia,0.026832143
Djibouti,Djibouti,NetImport,2026,Ethiopia,Ethiopia,-1.87E-05
Djibouti,Djibouti,NetImport,2028,Ethiopia,Ethiopia,-0.011510196
Djibouti,Djibouti,NetImport,2030,Ethiopia,Ethiopia,-0.002995846
Djibouti,Djibouti,NetImport,2032,Ethiopia,Ethiopia,-0.057718788
Djibouti,Djibouti,NetImport,2034,Ethiopia,Ethiopia,-0.034114061
Djibouti,Djibouti,NetImport,2038,Ethiopia,Ethiopia,-0.004666972
Djibouti,Djibouti,NetImport,2040,Ethiopia,Ethiopia,-0.064638632
Djibouti,Djibouti,TransmissionCapacity,2026,Ethiopia,Ethiopia,95
Djibouti,Djibouti,TransmissionCapacity,2028,Ethiopia,Ethiopia,275
Djibouti,Djibouti,TransmissionCapacity,2030,Ethiopia,Ethiopia,275
Djibouti,Djibouti,TransmissionCapacity,2032,Ethiopia,Ethiopia,275
Djibouti,Djibouti,TransmissionCapacity,2034,Ethiopia,Ethiopia,275
Djibouti,Djibouti,TransmissionCapacity,2036,Ethiopia,Ethiopia,275
Djibouti,Djibouti,TransmissionCapacity,2038,Ethiopia,Ethiopia,275
Djibouti,Djibouti,TransmissionCapacity,2040,Ethiopia,Ethiopia,275
Egypt,Egypt,CongestionShare,2026,Libya,Libya,0.832305936
Egypt,Egypt,CongestionShare,2026,Sudan,Sudan,0.655251142
Egypt,Egypt,CongestionShare,2028,Libya,Libya,0.788926941
Egypt,Egypt,CongestionShare,2028,Sudan,Sudan,0.565639269
Egypt,Egypt,CongestionShare,2030,Libya,Libya,0.792579909
Egypt,Egypt,CongestionShare,2030,Sudan,Sudan,0.591438356
Egypt,Egypt,CongestionShare,2032,Libya,Libya,0.838127854
Egypt,Egypt,CongestionShare,2032,Sudan,Sudan,0.583219178
Egypt,Egypt,CongestionShare,2034,Libya,Libya,0.847945205
Egypt,Egypt,CongestionShare,2034,Sudan,Sudan,0.476141553
Egypt,Egypt,CongestionShare,2036,Libya,Libya,0.866666667
Egypt,Egypt,CongestionShare,2036,Sudan,Sudan,0.322488584
Egypt,Egypt,CongestionShare,2038,Libya,Libya,0.873515982
Egypt,Egypt,CongestionShare,2038,Sudan,Sudan,0.087328767
Egypt,Egypt,CongestionShare,2040,Libya,Libya,0.880022831
Egypt,Egypt,CongestionShare,2040,Sudan,Sudan,0.083105023
Egypt,Egypt,Interchange,2026,Libya,Libya,1331.492665
Egypt,Egypt,Interchange,2026,Sudan,Sudan,1818.85306
Egypt,Egypt,Interchange,2028,Libya,Libya,1254.773867
Egypt,Egypt,Interchange,2028,Sudan,Sudan,1517.50572
Egypt,Egypt,Interchange,2030,Libya,Libya,1258.162024
Egypt,Egypt,Interchange,2030,Sudan,Sudan,1576.116273
Egypt,Egypt,Interchange,2032,Libya,Libya,1327.471221
Egypt,Egypt,Interchange,2032,Sudan,Sudan,1552.954478
Egypt,Egypt,Interchange,2034,Libya,Libya,1350.831027
Egypt,Egypt,Interchange,2034,Sudan,Sudan,1289.62995
Egypt,Egypt,Interchange,2036,Libya,Libya,1386.773177
Egypt,Egypt,Interchange,2036,Sudan,Sudan,895.0896804
Egypt,Egypt,Interchange,2038,Libya,Libya,1393.177033
Egypt,Egypt,Interchange,2038,Sudan,Sudan,249.5819808
Egypt,Egypt,Interchange,2040,Libya,Libya,1389.96336
Egypt,Egypt,Interchange,2040,Sudan,Sudan,225.2671607
Egypt,Egypt,InterconUtilization,2026,Libya,Libya,0.844427108
Egypt,Egypt,InterconUtilization,2026,Sudan,Sudan,0.692105426
Egypt,Egypt,InterconUtilization,2028,Libya,Libya,0.795772366
Egypt,Egypt,InterconUtilization,2028,Sudan,Sudan,0.577437489
Egypt,Egypt,InterconUtilization,2030,Libya,Libya,0.797921121
Egypt,Egypt,InterconUtilization,2030,Sudan,Sudan,0.59973983
Egypt,Egypt,InterconUtilization,2032,Libya,Libya,0.841876725
Egypt,Egypt,InterconUtilization,2032,Sudan,Sudan,0.590926361
Egypt,Egypt,InterconUtilization,2034,Libya,Libya,0.856691417
Egypt,Egypt,InterconUtilization,2034,Sudan,Sudan,0.490726769
Egypt,Egypt,InterconUtilization,2036,Libya,Libya,0.879485779
Egypt,Egypt,InterconUtilization,2036,Sudan,Sudan,0.340597291
Egypt,Egypt,InterconUtilization,2038,Libya,Libya,0.883547078
Egypt,Egypt,InterconUtilization,2038,Sudan,Sudan,0.094970312
Egypt,Egypt,InterconUtilization,2040,Libya,Libya,0.88150898
Egypt,Egypt,InterconUtilization,2040,Sudan,Sudan,0.085718098
Egypt,Egypt,NetImport,2026,Libya,Libya,-1.331492665
Egypt,Egypt,NetImport,2026,Sudan,Sudan,-1.81885306
Egypt,Egypt,NetImport,2028,Libya,Libya,-1.254773867
Egypt,Egypt,NetImport,2028,Sudan,Sudan,-1.51750572
Egypt,Egypt,NetImport,2030,Libya,Libya,-1.258162024
Egypt,Egypt,NetImport,2030,Sudan,Sudan,-1.576116273
Egypt,Egypt,NetImport,2032,Libya,Libya,-1.327471221
Egypt,Egypt,NetImport,2032,Sudan,Sudan,-1.552954478
Egypt,Egypt,NetImport,2034,Libya,Libya,-1.350831027
Egypt,Egypt,NetImport,2034,Sudan,Sudan,-1.28962995
Egypt,Egypt,NetImport,2036,Libya,Libya,-1.386773177
Egypt,Egypt,NetImport,2036,Sudan,Sudan,-0.89508968
Egypt,Egypt,NetImport,2038,Libya,Libya,-1.393177033
Egypt,Egypt,NetImport,2038,Sudan,Sudan,-0.249581981
Egypt,Egypt,NetImport,2040,Libya,Libya,-1.38996336
Egypt,Egypt,NetImport,2040,Sudan,Sudan,-0.225267161
Egypt,Egypt,TransmissionCapacity,2026,Libya,Libya,180
Egypt,Egypt,TransmissionCapacity,2026,Sudan,Sudan,300
Egypt,Egypt,TransmissionCapacity,2028,Libya,Libya,180
Egypt,Egypt,TransmissionCapacity,2028,Sudan,Sudan,300
Egypt,Egypt,TransmissionCapacity,2030,Libya,Libya,180
Egypt,Egypt,TransmissionCapacity,2030,Sudan,Sudan,300
Egypt,Egypt,TransmissionCapacity,2032,Libya,Libya,180
Egypt,Egypt,TransmissionCapacity,2032,Sudan,Sudan,300
Egypt,Egypt,TransmissionCapacity,2034,Libya,Libya,180
Egypt,Egypt,TransmissionCapacity,2034,Sudan,Sudan,300
Egypt,Egypt,TransmissionCapacity,2036,Libya,Libya,180
Egypt,Egypt,TransmissionCapacity,2036,Sudan,Sudan,300
Egypt,Egypt,TransmissionCapacity,2038,Libya,Libya,180
Egypt,Egypt,TransmissionCapacity,2038,Sudan,Sudan,300
Egypt,Egypt,TransmissionCapacity,2040,Libya,Libya,180
Egypt,Egypt,TransmissionCapacity,2040,Sudan,Sudan,300
Ethiopia,Ethiopia,CongestionShare,2026,Djibouti,Djibouti,0.57283105
Ethiopia,Ethiopia,CongestionShare,2026,Kenya,Kenya,1
Ethiopia,Ethiopia,CongestionShare,2026,Sudan,Sudan,1
Ethiopia,Ethiopia,CongestionShare,2028,Djibouti,Djibouti,0.251940639
Ethiopia,Ethiopia,CongestionShare,2028,Kenya,Kenya,1
Ethiopia,Ethiopia,CongestionShare,2028,Sudan,Sudan,1
Ethiopia,Ethiopia,CongestionShare,2030,Djibouti,Djibouti,0.248401826
Ethiopia,Ethiopia,CongestionShare,2030,Kenya,Kenya,1
Ethiopia,Ethiopia,CongestionShare,2030,Sudan,Sudan,1
Ethiopia,Ethiopia,CongestionShare,2032,Djibouti,Djibouti,0.297031963
Ethiopia,Ethiopia,CongestionShare,2032,Kenya,Kenya,1
Ethiopia,Ethiopia,CongestionShare,2032,Sudan,Sudan,1
Ethiopia,Ethiopia,CongestionShare,2034,Djibouti,Djibouti,0.286415525
Ethiopia,Ethiopia,CongestionShare,2034,Kenya,Kenya,0.970319635
Ethiopia,Ethiopia,CongestionShare,2034,Sudan,Sudan,1
Ethiopia,Ethiopia,CongestionShare,2036,Djibouti,Djibouti,0.29109589
Ethiopia,Ethiopia,CongestionShare,2036,Kenya,Kenya,0.64783105
Ethiopia,Ethiopia,CongestionShare,2036,Sudan,Sudan,0.769063927
Ethiopia,Ethiopia,CongestionShare,2038,Djibouti,Djibouti,0.342123288
Ethiopia,Ethiopia,CongestionShare,2038,Kenya,Kenya,0.638926941
Ethiopia,Ethiopia,CongestionShare,2038,Sudan,Sudan,0.85456621
Ethiopia,Ethiopia,CongestionShare,2040,Djibouti,Djibouti,0.478538813
Ethiopia,Ethiopia,CongestionShare,2040,Kenya,Kenya,0.660730594
Ethiopia,Ethiopia,CongestionShare,2040,Sudan,Sudan,0.782305936
Ethiopia,Ethiopia,Interchange,2026,Djibouti,Djibouti,757.9971534
Ethiopia,Ethiopia,Interchange,2026,Kenya,Kenya,1839.6
Ethiopia,Ethiopia,Interchange,2026,Sudan,Sudan,2102.4
Ethiopia,Ethiopia,Interchange,2028,Djibouti,Djibouti,934.7994007
Ethiopia,Ethiopia,Interchange,2028,Kenya,Kenya,1839.6
Ethiopia,Ethiopia,Interchange,2028,Sudan,Sudan,2102.4
Ethiopia,Ethiopia,Interchange,2030,Djibouti,Djibouti,1022.867836
Ethiopia,Ethiopia,Interchange,2030,Kenya,Kenya,1839.6
Ethiopia,Ethiopia,Interchange,2030,Sudan,Sudan,2102.4
Ethiopia,Ethiopia,Interchange,2032,Djibouti,Djibouti,1222.724477
Ethiopia,Ethiopia,Interchange,2032,Kenya,Kenya,1839.6
Ethiopia,Ethiopia,Interchange,2032,Sudan,Sudan,2102.4
Ethiopia,Ethiopia,Interchange,2034,Djibouti,Djibouti,1338.580874
Ethiopia,Ethiopia,Interchange,2034,Kenya,Kenya,1820.89312
Ethiopia,Ethiopia,Interchange,2034,Sudan,Sudan,2102.4
Ethiopia,Ethiopia,Interchange,2036,Djibouti,Djibouti,1443.074202
Ethiopia,Ethiopia,Interchange,2036,Kenya,Kenya,1239.173968
Ethiopia,Ethiopia,Interchange,2036,Sudan,Sudan,1633.992891
Ethiopia,Ethiopia,Interchange,2038,Djibouti,Djibouti,1521.059511
Ethiopia,Ethiopia,Interchange,2038,Kenya,Kenya,1244.83861
Ethiopia,Ethiopia,Interchange,2038,Sudan,Sudan,1797.188753
Ethiopia,Ethiopia,Interchange,2040,Djibouti,Djibouti,1633.259057
Ethiopia,Ethiopia,Interchange,2040,Kenya,Kenya,1250.984793
Ethiopia,Ethiopia,Interchange,2040,Sudan,Sudan,1697.44771
Ethiopia,Ethiopia,InterconUtilization,2026,Djibouti,Djibouti,0.91083532
Ethiopia,Ethiopia,InterconUtilization,2026,Kenya,Kenya,1
Ethiopia,Ethiopia,InterconUtilization,2026,Sudan,Sudan,1
Ethiopia,Ethiopia,InterconUtilization,2028,Djibouti,Djibouti,0.464713655
Ethiopia,Ethiopia,InterconUtilization,2028,Kenya,Kenya,1
Ethiopia,Ethiopia,InterconUtilization,2028,Sudan,Sudan,1
Ethiopia,Ethiopia,InterconUtilization,2030,Djibouti,Djibouti,0.508494818
Ethiopia,Ethiopia,InterconUtilization,2030,Kenya,Kenya,1
Ethiopia,Ethiopia,InterconUtilization,2030,Sudan,Sudan,1
Ethiopia,Ethiopia,InterconUtilization,2032,Djibouti,Djibouti,0.607848872
Ethiopia,Ethiopia,InterconUtilization,2032,Kenya,Kenya,1
Ethiopia,Ethiopia,InterconUtilization,2032,Sudan,Sudan,1
Ethiopia,Ethiopia,InterconUtilization,2034,Djibouti,Djibouti,0.66544417
Ethiopia,Ethiopia,InterconUtilization,2034,Kenya,Kenya,0.989831007
Ethiopia,Ethiopia,InterconUtilization,2034,Sudan,Sudan,1
Ethiopia,Ethiopia,InterconUtilization,2036,Djibouti,Djibouti,0.717390584
Ethiopia,Ethiopia,InterconUtilization,2036,Kenya,Kenya,0.67361055
Ethiopia,Ethiopia,InterconUtilization,2036,Sudan,Sudan,0.77720362
Ethiopia,Ethiopia,InterconUtilization,2038,Djibouti,Djibouti,0.756159155
Ethiopia,Ethiopia,InterconUtilization,2038,Kenya,Kenya,0.676689829
Ethiopia,Ethiopia,InterconUtilization,2038,Sudan,Sudan,0.854827223
Ethiopia,Ethiopia,InterconUtilization,2040,Djibouti,Djibouti,0.811936535
Ethiopia,Ethiopia,InterconUtilization,2040,Kenya,Kenya,0.680030872
Ethiopia,Ethiopia,InterconUtilization,2040,Sudan,Sudan,0.807385707
Ethiopia,Ethiopia,NetImport,2026,Djibouti,Djibouti,-0.757997153
Ethiopia,Ethiopia,NetImport,2026,Kenya,Kenya,-1.8396
Ethiopia,Ethiopia,NetImport,2026,Sudan,Sudan,-2.1024
Ethiopia,Ethiopia,NetImport,2028,Djibouti,Djibouti,-0.934799401
Ethiopia,Ethiopia,NetImport,2028,Kenya,Kenya,-1.8396
Ethiopia,Ethiopia,NetImport,2028,Sudan,Sudan,-2.1024
Ethiopia,Ethiopia,NetImport,2030,Djibouti,Djibouti,-1.022867836
Ethiopia,Ethiopia,NetImport,2030,Kenya,Kenya,-1.8396
Ethiopia,Ethiopia,NetImport,2030,Sudan,Sudan,-2.1024
Ethiopia,Ethiopia,NetImport,2032,Djibouti,Djibouti,-1.222724477
Ethiopia,Ethiopia,NetImport,2032,Kenya,Kenya,-1.8396
Ethiopia,Ethiopia,NetImport,2032,Sudan,Sudan,-2.1024
Ethiopia,Ethiopia,NetImport,2034,Djibouti,Djibouti,-1.338580874
Ethiopia,Ethiopia,NetImport,2034,Kenya,Kenya,-1.82089312
Ethiopia,Ethiopia,NetImport,2034,Sudan,Sudan,-2.1024
Ethiopia,Ethiopia,NetImport,2036,Djibouti,Djibouti,-1.443074202
Ethiopia,Ethiopia,NetImport,2036,Kenya,Kenya,-1.239173968
Ethiopia,Ethiopia,NetImport,2036,Sudan,Sudan,-1.633992891
Ethiopia,Ethiopia,NetImport,2038,Djibouti,Djibouti,-1.521059511
Ethiopia,Ethiopia,NetImport,2038,Kenya,Kenya,-1.24483861
Ethiopia,Ethiopia,NetImport,2038,Sudan,Sudan,-1.797188753
Ethiopia,Ethiopia,NetImport,2040,Djibouti,Djibouti,-1.633259057
Ethiopia,Ethiopia,NetImport,2040,Kenya,Kenya,-1.250984793
Ethiopia,Ethiopia,NetImport,2040,Sudan,Sudan,-1.69744771
Ethiopia,Ethiopia,TransmissionCapacity,2026,Djibouti,Djibouti,95
Ethiopia,Ethiopia,TransmissionCapacity,2026,Kenya,Kenya,210
Ethiopia,Ethiopia,TransmissionCapacity,2026,Sudan,Sudan,240
Ethiopia,Ethiopia,TransmissionCapacity,2028,Djibouti,Djibouti,275
Ethiopia,Ethiopia,TransmissionCapacity,2028,Kenya,Kenya,210
Ethiopia,Ethiopia,TransmissionCapacity,2028,Sudan,Sudan,240
Ethiopia,Ethiopia,TransmissionCapacity,2030,Djibouti,Djibouti,275
Ethiopia,Ethiopia,TransmissionCapacity,2030,Kenya,Kenya,210
Ethiopia,Ethiopia,TransmissionCapacity,2030,Sudan,Sudan,240
Ethiopia,Ethiopia,TransmissionCapacity,2032,Djibouti,Djibouti,275
Ethiopia,Ethiopia,TransmissionCapacity,2032,Kenya,Kenya,210
Ethiopia,Ethiopia,TransmissionCapacity,2032,Sudan,Sudan,240
Ethiopia,Ethiopia,TransmissionCapacity,2034,Djibouti,Djibouti,275
Ethiopia,Ethiopia,TransmissionCapacity,2034,Kenya,Kenya,210
Ethiopia,Ethiopia,TransmissionCapacity,2034,Sudan,Sudan,240
Ethiopia,Ethiopia,TransmissionCapacity,2036,Djibouti,Djibouti,275
Ethiopia,Ethiopia,TransmissionCapacity,2036,Kenya,Kenya,210
Ethiopia,Ethiopia,TransmissionCapacity,2036,Sudan,Sudan,240
Ethiopia,Ethiopia,TransmissionCapacity,2038,Djibouti,Djibouti,275
Ethiopia,Ethiopia,TransmissionCapacity,2038,Kenya,Kenya,210
Ethiopia,Ethiopia,TransmissionCapacity,2038,Sudan,Sudan,240
Ethiopia,Ethiopia,TransmissionCapacity,2040,Djibouti,Djibouti,275
Ethiopia,Ethiopia,TransmissionCapacity,2040,Kenya,Kenya,210
Ethiopia,Ethiopia,TransmissionCapacity,2040,Sudan,Sudan,240
Kenya,Kenya,CongestionShare,2026,Tanzania,Tanzania,0.016324201
Kenya,Kenya,CongestionShare,2026,Uganda,Uganda,0.791324201
Kenya,Kenya,CongestionShare,2028,Tanzania,Tanzania,0.232990868
Kenya,Kenya,CongestionShare,2028,Uganda,Uganda,0.751940639
Kenya,Kenya,CongestionShare,2030,Tanzania,Tanzania,0.053995434
Kenya,Kenya,CongestionShare,2030,Uganda,Uganda,0.719863014
Kenya,Kenya,CongestionShare,2032,Tanzania,Tanzania,0.011986301
Kenya,Kenya,CongestionShare,2032,Uganda,Uganda,0.723173516
Kenya,Kenya,CongestionShare,2034,Tanzania,Tanzania,0.003082192
Kenya,Kenya,CongestionShare,2034,Uganda,Uganda,0.872146119
Kenya,Kenya,CongestionShare,2036,Tanzania,Tanzania,0.003082192
Kenya,Kenya,CongestionShare,2036,Uganda,Uganda,0.658561644
Kenya,Kenya,CongestionShare,2038,Tanzania,Tanzania,0.022146119
Kenya,Kenya,CongestionShare,2038,Uganda,Uganda,0.651940639
Kenya,Kenya,CongestionShare,2040,Ethiopia,Ethiopia,0.004452055
Kenya,Kenya,CongestionShare,2040,Tanzania,Tanzania,0.033105023
Kenya,Kenya,CongestionShare,2040,Uganda,Uganda,0.673515982
Kenya,Kenya,Interchange,2026,Tanzania,Tanzania,7524.883647
Kenya,Kenya,Interchange,2026,Uganda,Uganda,492.0663919
Kenya,Kenya,Interchange,2028,Tanzania,Tanzania,9388.197848
Kenya,Kenya,Interchange,2028,Uganda,Uganda,473.3510312
Kenya,Kenya,Interchange,2030,Tanzania,Tanzania,6883.380004
Kenya,Kenya,Interchange,2030,Uganda,Uganda,450.9065074
Kenya,Kenya,Interchange,2032,Tanzania,Tanzania,4038.095681
Kenya,Kenya,Interchange,2032,Uganda,Uganda,445.6320474
Kenya,Kenya,Interchange,2034,Tanzania,Tanzania,4233.624079
Kenya,Kenya,Interchange,2034,Uganda,Uganda,538.0685722
Kenya,Kenya,Interchange,2036,Tanzania,Tanzania,2896.060416
Kenya,Kenya,Interchange,2036,Uganda,Uganda,411.9695326
Kenya,Kenya,Interchange,2038,Tanzania,Tanzania,2703.946433
Kenya,Kenya,Interchange,2038,Uganda,Uganda,413.0145322
Kenya,Kenya,Interchange,2040,Ethiopia,Ethiopia,22.21881478
Kenya,Kenya,Interchange,2040,Tanzania,Tanzania,2935.852337
Kenya,Kenya,Interchange,2040,Uganda,Uganda,426.8394722
Kenya,Kenya,InterconUtilization,2026,Tanzania,Tanzania,0.572669988
Kenya,Kenya,InterconUtilization,2026,Uganda,Uganda,0.802456608
Kenya,Kenya,InterconUtilization,2028,Tanzania,Tanzania,0.714474722
Kenya,Kenya,InterconUtilization,2028,Uganda,Uganda,0.771935798
Kenya,Kenya,InterconUtilization,2030,Tanzania,Tanzania,0.523849315
Kenya,Kenya,InterconUtilization,2030,Uganda,Uganda,0.735333508
Kenya,Kenya,InterconUtilization,2032,Tanzania,Tanzania,0.307313218
Kenya,Kenya,InterconUtilization,2032,Uganda,Uganda,0.726731975
Kenya,Kenya,InterconUtilization,2034,Tanzania,Tanzania,0.322193613
Kenya,Kenya,InterconUtilization,2034,Uganda,Uganda,0.877476471
Kenya,Kenya,InterconUtilization,2036,Tanzania,Tanzania,0.220400336
Kenya,Kenya,InterconUtilization,2036,Uganda,Uganda,0.671835506
Kenya,Kenya,InterconUtilization,2038,Tanzania,Tanzania,0.205779789
Kenya,Kenya,InterconUtilization,2038,Uganda,Uganda,0.673539681
Kenya,Kenya,InterconUtilization,2040,Ethiopia,Ethiopia,0.009875029
Kenya,Kenya,InterconUtilization,2040,Tanzania,Tanzania,0.223428641
Kenya,Kenya,InterconUtilization,2040,Uganda,Uganda,0.696085245
Kenya,Kenya,NetImport,2026,Tanzania,Tanzania,-7.524883647
Kenya,Kenya,NetImport,2026,Uganda,Uganda,-0.492066392
Kenya,Kenya,NetImport,2028,Tanzania,Tanzania,-9.388197848
Kenya,Kenya,NetImport,2028,Uganda,Uganda,-0.473351031
Kenya,Kenya,NetImport,2030,Tanzania,Tanzania,-6.883380004
Kenya,Kenya,NetImport,2030,Uganda,Uganda,-0.450906507
Kenya,Kenya,NetImport,2032,Tanzania,Tanzania,-4.038095681
Kenya,Kenya,NetImport,2032,Uganda,Uganda,-0.445632047
Kenya,Kenya,NetImport,2034,Tanzania,Tanzania,-4.233624079
Kenya,Kenya,NetImport,2034,Uganda,Uganda,-0.538068572
Kenya,Kenya,NetImport,2036,Tanzania,Tanzania,-2.896060416
Kenya,Kenya,NetImport,2036,Uganda,Uganda,-0.411969533
Kenya,Kenya,NetImport,2038,Tanzania,Tanzania,-2.703946433
Kenya,Kenya,NetImport,2038,Uganda,Uganda,-0.413014532
Kenya,Kenya,NetImport,2040,Ethiopia,Ethiopia,-0.022218815
Kenya,Kenya,NetImport,2040,Tanzania,Tanzania,-2.935852337
Kenya,Kenya,NetImport,2040,Uganda,Uganda,-0.426839472
Kenya,Kenya,TransmissionCapacity,2026,Ethiopia,Ethiopia,210
Kenya,Kenya,TransmissionCapacity,2026,Tanzania,Tanzania,1500
Kenya,Kenya,TransmissionCapacity,2026,Uganda,Uganda,70
Kenya,Kenya,TransmissionCapacity,2028,Ethiopia,Ethiopia,210
Kenya,Kenya,TransmissionCapacity,2028,Tanzania,Tanzania,1500
Kenya,Kenya,TransmissionCapacity,2028,Uganda,Uganda,70
Kenya,Kenya,TransmissionCapacity,2030,Ethiopia,Ethiopia,300
Kenya,Kenya,TransmissionCapacity,2030,Tanzania,Tanzania,1500
Kenya,Kenya,TransmissionCapacity,2030,Uganda,Uganda,70
Kenya,Kenya,TransmissionCapacity,2032,Ethiopia,Ethiopia,300
Kenya,Kenya,TransmissionCapacity,2032,Tanzania,Tanzania,1500
Kenya,Kenya,TransmissionCapacity,2032,Uganda,Uganda,70
Kenya,Kenya,TransmissionCapacity,2034,Ethiopia,Ethiopia,300
Kenya,Kenya,TransmissionCapacity,2034,Tanzania,Tanzania,1500
Kenya,Kenya,TransmissionCapacity,2034,Uganda,Uganda,70
Kenya,Kenya,TransmissionCapacity,2036,Ethiopia,Ethiopia,300
Kenya,Kenya,TransmissionCapacity,2036,Tanzania,Tanzania,1500
Kenya,Kenya,TransmissionCapacity,2036,Uganda,Uganda,70
Kenya,Kenya,TransmissionCapacity,2038,Ethiopia,Ethiopia,300
Kenya,Kenya,TransmissionCapacity,2038,Tanzania,Tanzania,1500
Kenya,Kenya,TransmissionCapacity,2038,Uganda,Uganda,70
Kenya,Kenya,TransmissionCapacity,2040,Ethiopia,Ethiopia,400
Kenya,Kenya,TransmissionCapacity,2040,Tanzania,Tanzania,1500
Kenya,Kenya,TransmissionCapacity,2040,Uganda,Uganda,70
Libya,Libya,CongestionShare,2028,Egypt,Egypt,0.016438356
Libya,Libya,CongestionShare,2030,Egypt,Egypt,0.021004566
Libya,Libya,CongestionShare,2032,Egypt,Egypt,0.016666667
Libya,Libya,CongestionShare,2034,Egypt,Egypt,0.016666667
Libya,Libya,CongestionShare,2036,Egypt,Egypt,0.014155251
Libya,Libya,CongestionShare,2038,Egypt,Egypt,0.017123288
Libya,Libya,CongestionShare,2040,Egypt,Egypt,0.041552511
Libya,Libya,Interchange,2026,Egypt,Egypt,0.035101991
Libya,Libya,Interchange,2028,Egypt,Egypt,34.4803559
Libya,Libya,Interchange,2030,Egypt,Egypt,46.52861973
Libya,Libya,Interchange,2032,Egypt,Egypt,41.74219909
Libya,Libya,Interchange,2034,Egypt,Egypt,39.49036478
Libya,Libya,Interchange,2036,Egypt,Egypt,22.6321728
Libya,Libya,Interchange,2038,Egypt,Egypt,35.11289561
Libya,Libya,Interchange,2040,Egypt,Egypt,69.64196877
Libya,Libya,InterconUtilization,2026,Egypt,Egypt,2.23E-05
Libya,Libya,InterconUtilization,2028,Egypt,Egypt,0.021867298
Libya,Libya,InterconUtilization,2030,Egypt,Egypt,0.029508257
Libya,Libya,InterconUtilization,2032,Egypt,Egypt,0.026472729
Libya,Libya,InterconUtilization,2034,Egypt,Egypt,0.025044625
Libya,Libya,InterconUtilization,2036,Egypt,Egypt,0.01435323
Libya,Libya,InterconUtilization,2038,Egypt,Egypt,0.022268452
Libya,Libya,InterconUtilization,2040,Egypt,Egypt,0.044166647
Libya,Libya,NetImport,2026,Egypt,Egypt,-3.51E-05
Libya,Libya,NetImport,2028,Egypt,Egypt,-0.034480356
Libya,Libya,NetImport,2030,Egypt,Egypt,-0.04652862
Libya,Libya,NetImport,2032,Egypt,Egypt,-0.041742199
Libya,Libya,NetImport,2034,Egypt,Egypt,-0.039490365
Libya,Libya,NetImport,2036,Egypt,Egypt,-0.022632173
Libya,Libya,NetImport,2038,Egypt,Egypt,-0.035112896
Libya,Libya,NetImport,2040,Egypt,Egypt,-0.069641969
Libya,Libya,TransmissionCapacity,2026,Egypt,Egypt,180
Libya,Libya,TransmissionCapacity,2028,Egypt,Egypt,180
Libya,Libya,TransmissionCapacity,2030,Egypt,Egypt,180
Libya,Libya,TransmissionCapacity,2032,Egypt,Egypt,180
Libya,Libya,TransmissionCapacity,2034,Egypt,Egypt,180
Libya,Libya,TransmissionCapacity,2036,Egypt,Egypt,180
Libya,Libya,TransmissionCapacity,2038,Egypt,Egypt,180
Libya,Libya,TransmissionCapacity,2040,Egypt,Egypt,180
Rwanda,Rwanda,CongestionShare,2026,Burundi,Burundi,0.025228311
Rwanda,Rwanda,CongestionShare,2038,Burundi,Burundi,0.013356164
Rwanda,Rwanda,CongestionShare,2040,Burundi,Burundi,0.003652968
Rwanda,Rwanda,Interchange,2026,Burundi,Burundi,1185.453572
Rwanda,Rwanda,Interchange,2028,Burundi,Burundi,651.3572561
Rwanda,Rwanda,Interchange,2028,Uganda,Uganda,65.16871151
Rwanda,Rwanda,Interchange,2030,Burundi,Burundi,112.3277467
Rwanda,Rwanda,Interchange,2030,Uganda,Uganda,291.5161798
Rwanda,Rwanda,Interchange,2032,Burundi,Burundi,76.30335751
Rwanda,Rwanda,Interchange,2032,Uganda,Uganda,406.1162245
Rwanda,Rwanda,Interchange,2034,Burundi,Burundi,140.4049834
Rwanda,Rwanda,Interchange,2034,Uganda,Uganda,389.4183632
Rwanda,Rwanda,Interchange,2036,Burundi,Burundi,249.0627533
Rwanda,Rwanda,Interchange,2036,Uganda,Uganda,25.26591613
Rwanda,Rwanda,Interchange,2038,Burundi,Burundi,325.579569
Rwanda,Rwanda,Interchange,2038,Uganda,Uganda,0.630156876
Rwanda,Rwanda,Interchange,2040,Burundi,Burundi,279.1186893
Rwanda,Rwanda,InterconUtilization,2026,Burundi,Burundi,0.676628751
Rwanda,Rwanda,InterconUtilization,2028,Burundi,Burundi,0.371779256
Rwanda,Rwanda,InterconUtilization,2028,Uganda,Uganda,0.021752487
Rwanda,Rwanda,InterconUtilization,2030,Burundi,Burundi,0.064114011
Rwanda,Rwanda,InterconUtilization,2030,Uganda,Uganda,0.097304394
Rwanda,Rwanda,InterconUtilization,2032,Burundi,Burundi,0.043552145
Rwanda,Rwanda,InterconUtilization,2032,Uganda,Uganda,0.135556432
Rwanda,Rwanda,InterconUtilization,2034,Burundi,Burundi,0.080139831
Rwanda,Rwanda,InterconUtilization,2034,Uganda,Uganda,0.129982898
Rwanda,Rwanda,InterconUtilization,2036,Burundi,Burundi,0.142159106
Rwanda,Rwanda,InterconUtilization,2036,Uganda,Uganda,0.008433442
Rwanda,Rwanda,InterconUtilization,2038,Burundi,Burundi,0.185833087
Rwanda,Rwanda,InterconUtilization,2038,Uganda,Uganda,0.000210338
Rwanda,Rwanda,InterconUtilization,2040,Burundi,Burundi,0.15931432
Rwanda,Rwanda,NetImport,2026,Burundi,Burundi,-1.185453572
Rwanda,Rwanda,NetImport,2028,Burundi,Burundi,-0.651357256
Rwanda,Rwanda,NetImport,2028,Uganda,Uganda,-0.065168712
Rwanda,Rwanda,NetImport,2030,Burundi,Burundi,-0.112327747
Rwanda,Rwanda,NetImport,2030,Uganda,Uganda,-0.29151618
Rwanda,Rwanda,NetImport,2032,Burundi,Burundi,-0.076303358
Rwanda,Rwanda,NetImport,2032,Uganda,Uganda,-0.406116225
Rwanda,Rwanda,NetImport,2034,Burundi,Burundi,-0.140404983
Rwanda,Rwanda,NetImport,2034,Uganda,Uganda,-0.389418363
Rwanda,Rwanda,NetImport,2036,Burundi,Burundi,-0.249062753
Rwanda,Rwanda,NetImport,2036,Uganda,Uganda,-0.025265916
Rwanda,Rwanda,NetImport,2038,Burundi,Burundi,-0.325579569
Rwanda,Rwanda,NetImport,2038,Uganda,Uganda,-0.000630157
Rwanda,Rwanda,NetImport,2040,Burundi,Burundi,-0.279118689
Rwanda,Rwanda,TransmissionCapacity,2026,Burundi,Burundi,200
Rwanda,Rwanda,TransmissionCapacity,2026,Uganda,Uganda,342
Rwanda,Rwanda,TransmissionCapacity,2028,Burundi,Burundi,200
Rwanda,Rwanda,TransmissionCapacity,2028,Uganda,Uganda,342
Rwanda,Rwanda,TransmissionCapacity,2030,Burundi,Burundi,200
Rwanda,Rwanda,TransmissionCapacity,2030,Uganda,Uganda,342
Rwanda,Rwanda,TransmissionCapacity,2032,Burundi,Burundi,200
Rwanda,Rwanda,TransmissionCapacity,2032,Uganda,Uganda,342
Rwanda,Rwanda,TransmissionCapacity,2034,Burundi,Burundi,200
Rwanda,Rwanda,TransmissionCapacity,2034,Uganda,Uganda,342
Rwanda,Rwanda,TransmissionCapacity,2036,Burundi,Burundi,200
Rwanda,Rwanda,TransmissionCapacity,2036,Uganda,Uganda,342
Rwanda,Rwanda,TransmissionCapacity,2038,Burundi,Burundi,200
Rwanda,Rwanda,TransmissionCapacity,2038,Uganda,Uganda,342
Rwanda,Rwanda,TransmissionCapacity,2040,Burundi,Burundi,200
Rwanda,Rwanda,TransmissionCapacity,2040,Uganda,Uganda,342
SouthSudan,SouthSudan,CongestionShare,2028,Sudan,Sudan,0.619178082
SouthSudan,SouthSudan,CongestionShare,2030,Sudan,Sudan,0.494406393
SouthSudan,SouthSudan,CongestionShare,2032,Sudan,Sudan,0.495547945
SouthSudan,SouthSudan,CongestionShare,2034,Sudan,Sudan,0.571689498
SouthSudan,SouthSudan,CongestionShare,2036,Sudan,Sudan,0.616438356
SouthSudan,SouthSudan,CongestionShare,2038,Sudan,Sudan,0.631050228
SouthSudan,SouthSudan,CongestionShare,2040,Sudan,Sudan,0.588812785
SouthSudan,SouthSudan,Interchange,2028,Sudan,Sudan,65.23050305
SouthSudan,SouthSudan,Interchange,2030,Sudan,Sudan,51.99645768
SouthSudan,SouthSudan,Interchange,2032,Sudan,Sudan,52.09700531
SouthSudan,SouthSudan,Interchange,2034,Sudan,Sudan,60.10596485
SouthSudan,SouthSudan,Interchange,2036,Sudan,Sudan,64.8
SouthSudan,SouthSudan,Interchange,2038,Sudan,Sudan,66.336
SouthSudan,SouthSudan,Interchange,2040,Sudan,Sudan,62.16655483
SouthSudan,SouthSudan,InterconUtilization,2028,Sudan,Sudan,0.620533705
SouthSudan,SouthSudan,InterconUtilization,2030,Sudan,Sudan,0.494639057
SouthSudan,SouthSudan,InterconUtilization,2032,Sudan,Sudan,0.49559556
SouthSudan,SouthSudan,InterconUtilization,2034,Sudan,Sudan,0.571784293
SouthSudan,SouthSudan,InterconUtilization,2036,Sudan,Sudan,0.616438356
SouthSudan,SouthSudan,InterconUtilization,2038,Sudan,Sudan,0.631050228
SouthSudan,SouthSudan,InterconUtilization,2040,Sudan,Sudan,0.591386557
SouthSudan,SouthSudan,NetImport,2028,Sudan,Sudan,-0.065230503
SouthSudan,SouthSudan,NetImport,2030,Sudan,Sudan,-0.051996458
SouthSudan,SouthSudan,NetImport,2032,Sudan,Sudan,-0.052097005
SouthSudan,SouthSudan,NetImport,2034,Sudan,Sudan,-0.060105965
SouthSudan,SouthSudan,NetImport,2036,Sudan,Sudan,-0.0648
SouthSudan,SouthSudan,NetImport,2038,Sudan,Sudan,-0.066336
SouthSudan,SouthSudan,NetImport,2040,Sudan,Sudan,-0.062166555
SouthSudan,SouthSudan,TransmissionCapacity,2026,Sudan,Sudan,12
SouthSudan,SouthSudan,TransmissionCapacity,2028,Sudan,Sudan,12
SouthSudan,SouthSudan,TransmissionCapacity,2030,Sudan,Sudan,12
SouthSudan,SouthSudan,TransmissionCapacity,2032,Sudan,Sudan,12
SouthSudan,SouthSudan,TransmissionCapacity,2034,Sudan,Sudan,12
SouthSudan,SouthSudan,TransmissionCapacity,2036,Sudan,Sudan,12
SouthSudan,SouthSudan,TransmissionCapacity,2038,Sudan,Sudan,12
SouthSudan,SouthSudan,TransmissionCapacity,2040,Sudan,Sudan,12
Sudan,Sudan,CongestionShare,2026,Egypt,Egypt,0.248173516
Sudan,Sudan,CongestionShare,2026,SouthSudan,SouthSudan,0.930821918
Sudan,Sudan,CongestionShare,2028,Egypt,Egypt,0.360844749
Sudan,Sudan,CongestionShare,2028,SouthSudan,SouthSudan,0.375342466
Sudan,Sudan,CongestionShare,2030,Egypt,Egypt,0.358447489
Sudan,Sudan,CongestionShare,2030,SouthSudan,SouthSudan,0.50456621
Sudan,Sudan,CongestionShare,2032,Egypt,Egypt,0.375913242
Sudan,Sudan,CongestionShare,2032,SouthSudan,SouthSudan,0.504223744
Sudan,Sudan,CongestionShare,2034,Egypt,Egypt,0.398744292
Sudan,Sudan,CongestionShare,2034,SouthSudan,SouthSudan,0.384703196
Sudan,Sudan,CongestionShare,2036,Egypt,Egypt,0.460730594
Sudan,Sudan,CongestionShare,2036,Ethiopia,Ethiopia,0.001484018
Sudan,Sudan,CongestionShare,2036,SouthSudan,SouthSudan,0.371689498
Sudan,Sudan,CongestionShare,2038,Egypt,Egypt,0.550114155
Sudan,Sudan,CongestionShare,2038,Ethiopia,Ethiopia,0.00216895
Sudan,Sudan,CongestionShare,2038,SouthSudan,SouthSudan,0.362100457
Sudan,Sudan,CongestionShare,2040,Egypt,Egypt,0.574200913
Sudan,Sudan,CongestionShare,2040,Ethiopia,Ethiopia,0.00239726
Sudan,Sudan,CongestionShare,2040,SouthSudan,SouthSudan,0.40673516
Sudan,Sudan,Interchange,2026,Egypt,Egypt,697.6764611
Sudan,Sudan,Interchange,2026,SouthSudan,SouthSudan,97.848
Sudan,Sudan,Interchange,2028,Egypt,Egypt,989.6707829
Sudan,Sudan,Interchange,2028,SouthSudan,SouthSudan,39.48394364
Sudan,Sudan,Interchange,2030,Egypt,Egypt,961.4102575
Sudan,Sudan,Interchange,2030,SouthSudan,SouthSudan,53.05824796
Sudan,Sudan,Interchange,2032,Egypt,Egypt,1016.528194
Sudan,Sudan,Interchange,2032,SouthSudan,SouthSudan,53.01502954
Sudan,Sudan,Interchange,2034,Egypt,Egypt,1076.960528
Sudan,Sudan,Interchange,2034,SouthSudan,SouthSudan,40.45119153
Sudan,Sudan,Interchange,2036,Egypt,Egypt,1236.758402
Sudan,Sudan,Interchange,2036,Ethiopia,Ethiopia,3.433881265
Sudan,Sudan,Interchange,2036,SouthSudan,SouthSudan,39.21806738
Sudan,Sudan,Interchange,2038,Egypt,Egypt,1468.460007
Sudan,Sudan,Interchange,2038,Ethiopia,Ethiopia,4.724616391
Sudan,Sudan,Interchange,2038,SouthSudan,SouthSudan,38.064
Sudan,Sudan,Interchange,2040,Egypt,Egypt,1536.731097
Sudan,Sudan,Interchange,2040,Ethiopia,Ethiopia,5.460664775
Sudan,Sudan,Interchange,2040,SouthSudan,SouthSudan,42.756
Sudan,Sudan,InterconUtilization,2026,Egypt,Egypt,0.265478105
Sudan,Sudan,InterconUtilization,2026,SouthSudan,SouthSudan,0.930821918
Sudan,Sudan,InterconUtilization,2028,Egypt,Egypt,0.376587056
Sudan,Sudan,InterconUtilization,2028,SouthSudan,SouthSudan,0.375608292
Sudan,Sudan,InterconUtilization,2030,Egypt,Egypt,0.365833431
Sudan,Sudan,InterconUtilization,2030,SouthSudan,SouthSudan,0.504739802
Sudan,Sudan,InterconUtilization,2032,Egypt,Egypt,0.386806771
Sudan,Sudan,InterconUtilization,2032,SouthSudan,SouthSudan,0.504328668
Sudan,Sudan,InterconUtilization,2034,Egypt,Egypt,0.409802332
Sudan,Sudan,InterconUtilization,2034,SouthSudan,SouthSudan,0.384809661
Sudan,Sudan,InterconUtilization,2036,Egypt,Egypt,0.47060822
Sudan,Sudan,InterconUtilization,2036,Ethiopia,Ethiopia,0.001633315
Sudan,Sudan,InterconUtilization,2036,SouthSudan,SouthSudan,0.373079028
Sudan,Sudan,InterconUtilization,2038,Egypt,Egypt,0.558774736
Sudan,Sudan,InterconUtilization,2038,Ethiopia,Ethiopia,0.002247249
Sudan,Sudan,InterconUtilization,2038,SouthSudan,SouthSudan,0.362100457
Sudan,Sudan,InterconUtilization,2040,Egypt,Egypt,0.584753081
Sudan,Sudan,InterconUtilization,2040,Ethiopia,Ethiopia,0.002597348
Sudan,Sudan,InterconUtilization,2040,SouthSudan,SouthSudan,0.40673516
Sudan,Sudan,NetImport,2026,Egypt,Egypt,-0.697676461
Sudan,Sudan,NetImport,2026,SouthSudan,SouthSudan,-0.097848
Sudan,Sudan,NetImport,2028,Egypt,Egypt,-0.989670783
Sudan,Sudan,NetImport,2028,SouthSudan,SouthSudan,-0.039483944
Sudan,Sudan,NetImport,2030,Egypt,Egypt,-0.961410258
Sudan,Sudan,NetImport,2030,SouthSudan,SouthSudan,-0.053058248
Sudan,Sudan,NetImport,2032,Egypt,Egypt,-1.016528194
Sudan,Sudan,NetImport,2032,SouthSudan,SouthSudan,-0.05301503
Sudan,Sudan,NetImport,2034,Egypt,Egypt,-1.076960528
Sudan,Sudan,NetImport,2034,SouthSudan,SouthSudan,-0.040451192
Sudan,Sudan,NetImport,2036,Egypt,Egypt,-1.236758402
Sudan,Sudan,NetImport,2036,Ethiopia,Ethiopia,-0.003433881
Sudan,Sudan,NetImport,2036,SouthSudan,SouthSudan,-0.039218067
Sudan,Sudan,NetImport,2038,Egypt,Egypt,-1.468460007
Sudan,Sudan,NetImport,2038,Ethiopia,Ethiopia,-0.004724616
Sudan,Sudan,NetImport,2038,SouthSudan,SouthSudan,-0.038064
Sudan,Sudan,NetImport,2040,Egypt,Egypt,-1.536731097
Sudan,Sudan,NetImport,2040,Ethiopia,Ethiopia,-0.005460665
Sudan,Sudan,NetImport,2040,SouthSudan,SouthSudan,-0.042756
Sudan,Sudan,TransmissionCapacity,2026,Egypt,Egypt,300
Sudan,Sudan,TransmissionCapacity,2026,Ethiopia,Ethiopia,240
Sudan,Sudan,TransmissionCapacity,2026,SouthSudan,SouthSudan,12
Sudan,Sudan,TransmissionCapacity,2028,Egypt,Egypt,300
Sudan,Sudan,TransmissionCapacity,2028,Ethiopia,Ethiopia,240
Sudan,Sudan,TransmissionCapacity,2028,SouthSudan,SouthSudan,12
Sudan,Sudan,TransmissionCapacity,2030,Egypt,Egypt,300
Sudan,Sudan,TransmissionCapacity,2030,Ethiopia,Ethiopia,240
Sudan,Sudan,TransmissionCapacity,2030,SouthSudan,SouthSudan,12
Sudan,Sudan,TransmissionCapacity,2032,Egypt,Egypt,300
Sudan,Sudan,TransmissionCapacity,2032,Ethiopia,Ethiopia,240
Sudan,Sudan,TransmissionCapacity,2032,SouthSudan,SouthSudan,12
Sudan,Sudan,TransmissionCapacity,2034,Egypt,Egypt,300
Sudan,Sudan,TransmissionCapacity,2034,Ethiopia,Ethiopia,240
Sudan,Sudan,TransmissionCapacity,2034,SouthSudan,SouthSudan,12
Sudan,Sudan,TransmissionCapacity,2036,Egypt,Egypt,300
Sudan,Sudan,TransmissionCapacity,2036,Ethiopia,Ethiopia,240
Sudan,Sudan,TransmissionCapacity,2036,SouthSudan,SouthSudan,12
Sudan,Sudan,TransmissionCapacity,2038,Egypt,Egypt,300
Sudan,Sudan,TransmissionCapacity,2038,Ethiopia,Ethiopia,240
Sudan,Sudan,TransmissionCapacity,2038,SouthSudan,SouthSudan,12
Sudan,Sudan,TransmissionCapacity,2040,Egypt,Egypt,300
Sudan,Sudan,TransmissionCapacity,2040,Ethiopia,Ethiopia,240
Sudan,Sudan,TransmissionCapacity,2040,SouthSudan,SouthSudan,12
Tanzania,Tanzania,CongestionShare,2026,Uganda,Uganda,0.743721461
Tanzania,Tanzania,CongestionShare,2028,Uganda,Uganda,0.582534247
Tanzania,Tanzania,CongestionShare,2030,Uganda,Uganda,0.673515982
Tanzania,Tanzania,CongestionShare,2032,Uganda,Uganda,0.684931507
Tanzania,Tanzania,CongestionShare,2034,Kenya,Kenya,0.003881279
Tanzania,Tanzania,CongestionShare,2034,Uganda,Uganda,0.750799087
Tanzania,Tanzania,CongestionShare,2036,Kenya,Kenya,0.015639269
Tanzania,Tanzania,CongestionShare,2036,Uganda,Uganda,0.634931507
Tanzania,Tanzania,CongestionShare,2038,Kenya,Kenya,0.019977169
Tanzania,Tanzania,CongestionShare,2038,Uganda,Uganda,0.651940639
Tanzania,Tanzania,CongestionShare,2040,Kenya,Kenya,0.024885845
Tanzania,Tanzania,CongestionShare,2040,Uganda,Uganda,0.652283105
Tanzania,Tanzania,Interchange,2026,Uganda,Uganda,461.7850633
Tanzania,Tanzania,Interchange,2028,Uganda,Uganda,375.8674402
Tanzania,Tanzania,Interchange,2030,Kenya,Kenya,0.023860345
Tanzania,Tanzania,Interchange,2030,Uganda,Uganda,425.5648368
Tanzania,Tanzania,Interchange,2032,Kenya,Kenya,79.85046603
Tanzania,Tanzania,Interchange,2032,Uganda,Uganda,429.0098048
Tanzania,Tanzania,Interchange,2034,Kenya,Kenya,368.5559606
Tanzania,Tanzania,Interchange,2034,Uganda,Uganda,464.1452581
Tanzania,Tanzania,Interchange,2036,Kenya,Kenya,730.5185448
Tanzania,Tanzania,Interchange,2036,Uganda,Uganda,394.6612272
Tanzania,Tanzania,Interchange,2038,Kenya,Kenya,1126.67867
Tanzania,Tanzania,Interchange,2038,Uganda,Uganda,403.583334
Tanzania,Tanzania,Interchange,2040,Kenya,Kenya,1716.845198
Tanzania,Tanzania,Interchange,2040,Uganda,Uganda,405.5528866
Tanzania,Tanzania,InterconUtilization,2026,Uganda,Uganda,0.753074141
Tanzania,Tanzania,InterconUtilization,2028,Uganda,Uganda,0.612960601
Tanzania,Tanzania,InterconUtilization,2030,Kenya,Kenya,1.82E-06
Tanzania,Tanzania,InterconUtilization,2030,Uganda,Uganda,0.694006583
Tanzania,Tanzania,InterconUtilization,2032,Kenya,Kenya,0.0060769
Tanzania,Tanzania,InterconUtilization,2032,Uganda,Uganda,0.6996246
Tanzania,Tanzania,InterconUtilization,2034,Kenya,Kenya,0.028048399
Tanzania,Tanzania,InterconUtilization,2034,Uganda,Uganda,0.756923121
Tanzania,Tanzania,InterconUtilization,2036,Kenya,Kenya,0.055595019
Tanzania,Tanzania,InterconUtilization,2036,Uganda,Uganda,0.643609307
Tanzania,Tanzania,InterconUtilization,2038,Kenya,Kenya,0.085744191
Tanzania,Tanzania,InterconUtilization,2038,Uganda,Uganda,0.658159384
Tanzania,Tanzania,InterconUtilization,2040,Kenya,Kenya,0.13065793
Tanzania,Tanzania,InterconUtilization,2040,Uganda,Uganda,0.661371309
Tanzania,Tanzania,NetImport,2026,Uganda,Uganda,-0.461785063
Tanzania,Tanzania,NetImport,2028,Uganda,Uganda,-0.37586744
Tanzania,Tanzania,NetImport,2030,Kenya,Kenya,-2.39E-05
Tanzania,Tanzania,NetImport,2030,Uganda,Uganda,-0.425564837
Tanzania,Tanzania,NetImport,2032,Kenya,Kenya,-0.079850466
Tanzania,Tanzania,NetImport,2032,Uganda,Uganda,-0.429009805
Tanzania,Tanzania,NetImport,2034,Kenya,Kenya,-0.368555961
Tanzania,Tanzania,NetImport,2034,Uganda,Uganda,-0.464145258
Tanzania,Tanzania,NetImport,2036,Kenya,Kenya,-0.730518545
Tanzania,Tanzania,NetImport,2036,Uganda,Uganda,-0.394661227
Tanzania,Tanzania,NetImport,2038,Kenya,Kenya,-1.12667867
Tanzania,Tanzania,NetImport,2038,Uganda,Uganda,-0.403583334
Tanzania,Tanzania,NetImport,2040,Kenya,Kenya,-1.716845198
Tanzania,Tanzania,NetImport,2040,Uganda,Uganda,-0.405552887
Tanzania,Tanzania,TransmissionCapacity,2026,Kenya,Kenya,1500
Tanzania,Tanzania,TransmissionCapacity,2026,Uganda,Uganda,70
Tanzania,Tanzania,TransmissionCapacity,2028,Kenya,Kenya,1500
Tanzania,Tanzania,TransmissionCapacity,2028,Uganda,Uganda,70
Tanzania,Tanzania,TransmissionCapacity,2030,Kenya,Kenya,1500
Tanzania,Tanzania,TransmissionCapacity,2030,Uganda,Uganda,70
Tanzania,Tanzania,TransmissionCapacity,2032,Kenya,Kenya,1500
Tanzania,Tanzania,TransmissionCapacity,2032,Uganda,Uganda,70
Tanzania,Tanzania,TransmissionCapacity,2034,Kenya,Kenya,1500
Tanzania,Tanzania,TransmissionCapacity,2034,Uganda,Uganda,70
Tanzania,Tanzania,TransmissionCapacity,2036,Kenya,Kenya,1500
Tanzania,Tanzania,TransmissionCapacity,2036,Uganda,Uganda,70
Tanzania,Tanzania,TransmissionCapacity,2038,Kenya,Kenya,1500
Tanzania,Tanzania,TransmissionCapacity,2038,Uganda,Uganda,70
Tanzania,Tanzania,TransmissionCapacity,2040,Kenya,Kenya,1500
Tanzania,Tanzania,TransmissionCapacity,2040,Uganda,Uganda,70
Uganda,Uganda,CongestionShare,2026,Rwanda,Rwanda,0.019292237
Uganda,Uganda,CongestionShare,2028,Kenya,Kenya,0.076940639
Uganda,Uganda,CongestionShare,2028,Rwanda,Rwanda,0.007990868
Uganda,Uganda,CongestionShare,2028,Tanzania,Tanzania,0.222716895
Uganda,Uganda,CongestionShare,2030,Kenya,Kenya,0.0293379
Uganda,Uganda,CongestionShare,2030,Tanzania,Tanzania,0.184817352
Uganda,Uganda,CongestionShare,2032,Kenya,Kenya,0.045890411
Uganda,Uganda,CongestionShare,2032,Rwanda,Rwanda,0.000342466
Uganda,Uganda,CongestionShare,2032,Tanzania,Tanzania,0.073173516
Uganda,Uganda,CongestionShare,2034,Kenya,Kenya,0.050684932
Uganda,Uganda,CongestionShare,2034,Rwanda,Rwanda,0.012785388
Uganda,Uganda,CongestionShare,2034,Tanzania,Tanzania,0.084589041
Uganda,Uganda,CongestionShare,2036,Kenya,Kenya,0.178082192
Uganda,Uganda,CongestionShare,2036,Rwanda,Rwanda,0.087899543
Uganda,Uganda,CongestionShare,2036,Tanzania,Tanzania,0.249543379
Uganda,Uganda,CongestionShare,2038,Kenya,Kenya,0.201484018
Uganda,Uganda,CongestionShare,2038,Rwanda,Rwanda,0.353310502
Uganda,Uganda,CongestionShare,2038,Tanzania,Tanzania,0.259817352
Uganda,Uganda,CongestionShare,2040,Kenya,Kenya,0.176369863
Uganda,Uganda,CongestionShare,2040,Rwanda,Rwanda,0.626940639
Uganda,Uganda,CongestionShare,2040,Tanzania,Tanzania,0.21609589
Uganda,Uganda,Interchange,2026,Rwanda,Rwanda,1782.454514
Uganda,Uganda,Interchange,2028,Kenya,Kenya,55.47802075
Uganda,Uganda,Interchange,2028,Rwanda,Rwanda,1174.257964
Uganda,Uganda,Interchange,2028,Tanzania,Tanzania,140.5088637
Uganda,Uganda,Interchange,2030,Kenya,Kenya,24.16603842
Uganda,Uganda,Interchange,2030,Rwanda,Rwanda,739.5567413
Uganda,Uganda,Interchange,2030,Tanzania,Tanzania,121.8417261
Uganda,Uganda,Interchange,2032,Kenya,Kenya,33.75346041
Uganda,Uganda,Interchange,2032,Rwanda,Rwanda,357.2076841
Uganda,Uganda,Interchange,2032,Tanzania,Tanzania,54.17021692
Uganda,Uganda,Interchange,2034,Kenya,Kenya,34.9934597
Uganda,Uganda,Interchange,2034,Rwanda,Rwanda,455.0624742
Uganda,Uganda,Interchange,2034,Tanzania,Tanzania,55.38449141
Uganda,Uganda,Interchange,2036,Kenya,Kenya,118.0252585
Uganda,Uganda,Interchange,2036,Rwanda,Rwanda,1514.022777
Uganda,Uganda,Interchange,2036,Tanzania,Tanzania,159.2218125
Uganda,Uganda,Interchange,2038,Kenya,Kenya,130.5412564
Uganda,Uganda,Interchange,2038,Rwanda,Rwanda,2175.878139
Uganda,Uganda,Interchange,2038,Tanzania,Tanzania,164.9722217
Uganda,Uganda,Interchange,2040,Kenya,Kenya,112.4983087
Uganda,Uganda,Interchange,2040,Rwanda,Rwanda,2561.944081
Uganda,Uganda,Interchange,2040,Tanzania,Tanzania,145.5117165
Uganda,Uganda,InterconUtilization,2026,Rwanda,Rwanda,0.594960651
Uganda,Uganda,InterconUtilization,2028,Kenya,Kenya,0.090472963
Uganda,Uganda,InterconUtilization,2028,Rwanda,Rwanda,0.391952377
Uganda,Uganda,InterconUtilization,2028,Tanzania,Tanzania,0.229140352
Uganda,Uganda,InterconUtilization,2030,Kenya,Kenya,0.039409717
Uganda,Uganda,InterconUtilization,2030,Rwanda,Rwanda,0.246854636
Uganda,Uganda,InterconUtilization,2030,Tanzania,Tanzania,0.198698183
Uganda,Uganda,InterconUtilization,2032,Kenya,Kenya,0.055044782
Uganda,Uganda,InterconUtilization,2032,Rwanda,Rwanda,0.119231383
Uganda,Uganda,InterconUtilization,2032,Tanzania,Tanzania,0.08834021
Uganda,Uganda,InterconUtilization,2034,Kenya,Kenya,0.05706696
Uganda,Uganda,InterconUtilization,2034,Rwanda,Rwanda,0.151894067
Uganda,Uganda,InterconUtilization,2034,Tanzania,Tanzania,0.090320436
Uganda,Uganda,InterconUtilization,2036,Kenya,Kenya,0.192474329
Uganda,Uganda,InterconUtilization,2036,Rwanda,Rwanda,0.505361551
Uganda,Uganda,InterconUtilization,2036,Tanzania,Tanzania,0.259657228
Uganda,Uganda,InterconUtilization,2038,Kenya,Kenya,0.212885284
Uganda,Uganda,InterconUtilization,2038,Rwanda,Rwanda,0.726280454
Uganda,Uganda,InterconUtilization,2038,Tanzania,Tanzania,0.269034934
Uganda,Uganda,InterconUtilization,2040,Kenya,Kenya,0.183461038
Uganda,Uganda,InterconUtilization,2040,Rwanda,Rwanda,0.855144357
Uganda,Uganda,InterconUtilization,2040,Tanzania,Tanzania,0.237298951
Uganda,Uganda,NetImport,2026,Rwanda,Rwanda,-1.782454514
Uganda,Uganda,NetImport,2028,Kenya,Kenya,-0.055478021
Uganda,Uganda,NetImport,2028,Rwanda,Rwanda,-1.174257964
Uganda,Uganda,NetImport,2028,Tanzania,Tanzania,-0.140508864
Uganda,Uganda,NetImport,2030,Kenya,Kenya,-0.024166038
Uganda,Uganda,NetImport,2030,Rwanda,Rwanda,-0.739556741
Uganda,Uganda,NetImport,2030,Tanzania,Tanzania,-0.121841726
Uganda,Uganda,NetImport,2032,Kenya,Kenya,-0.03375346
Uganda,Uganda,NetImport,2032,Rwanda,Rwanda,-0.357207684
Uganda,Uganda,NetImport,2032,Tanzania,Tanzania,-0.054170217
Uganda,Uganda,NetImport,2034,Kenya,Kenya,-0.03499346
Uganda,Uganda,NetImport,2034,Rwanda,Rwanda,-0.455062474
Uganda,Uganda,NetImport,2034,Tanzania,Tanzania,-0.055384491
Uganda,Uganda,NetImport,2036,Kenya,Kenya,-0.118025258
Uganda,Uganda,NetImport,2036,Rwanda,Rwanda,-1.514022777
Uganda,Uganda,NetImport,2036,Tanzania,Tanzania,-0.159221812
Uganda,Uganda,NetImport,2038,Kenya,Kenya,-0.130541256
Uganda,Uganda,NetImport,2038,Rwanda,Rwanda,-2.175878139
Uganda,Uganda,NetImport,2038,Tanzania,Tanzania,-0.164972222
Uganda,Uganda,NetImport,2040,Kenya,Kenya,-0.112498309
Uganda,Uganda,NetImport,2040,Rwanda,Rwanda,-2.561944081
Uganda,Uganda,NetImport,2040,Tanzania,Tanzania,-0.145511716
Uganda,Uganda,TransmissionCapacity,2026,Kenya,Kenya,70
Uganda,Uganda,TransmissionCapacity,2026,Rwanda,Rwanda,342
Uganda,Uganda,TransmissionCapacity,2026,Tanzania,Tanzania,70
Uganda,Uganda,TransmissionCapacity,2028,Kenya,Kenya,70
Uganda,Uganda,TransmissionCapacity,2028,Rwanda,Rwanda,342
Uganda,Uganda,TransmissionCapacity,2028,Tanzania,Tanzania,70
Uganda,Uganda,TransmissionCapacity,2030,Kenya,Kenya,70
Uganda,Uganda,TransmissionCapacity,2030,Rwanda,Rwanda,342
Uganda,Uganda,TransmissionCapacity,2030,Tanzania,Tanzania,70
Uganda,Uganda,TransmissionCapacity,2032,Kenya,Kenya,70
Uganda,Uganda,TransmissionCapacity,2032,Rwanda,Rwanda,342
Uganda,Uganda,TransmissionCapacity,2032,Tanzania,Tanzania,70
Uganda,Uganda,TransmissionCapacity,2034,Kenya,Kenya,70
Uganda,Uganda,TransmissionCapacity,2034,Rwanda,Rwanda,342
Uganda,Uganda,TransmissionCapacity,2034,Tanzania,Tanzania,70
Uganda,Uganda,TransmissionCapacity,2036,Kenya,Kenya,70
Uganda,Uganda,TransmissionCapacity,2036,Rwanda,Rwanda,342
Uganda,Uganda,TransmissionCapacity,2036,Tanzania,Tanzania,70
Uganda,Uganda,TransmissionCapacity,2038,Kenya,Kenya,70
Uganda,Uganda,TransmissionCapacity,2038,Rwanda,Rwanda,342
Uganda,Uganda,TransmissionCapacity,2038,Tanzania,Tanzania,70
Uganda,Uganda,TransmissionCapacity,2040,Kenya,Kenya,70
Uganda,Uganda,TransmissionCapacity,2040,Rwanda,Rwanda,342
Uganda,Uganda,TransmissionCapacity,2040,Tanzania,Tanzania,70
